exp_id,system,product_mix,automation_level,caseID,product_id,product_type,station_id,component_name,step_name,quality,start_time,end_time,process_duration
exp062,system_05,rear,a02,1,prod_001_car_sa,car_sa,ws-01_S1toS8,comp_001_RT_1/2,RT,1.0,2025-01-01 07:12:04,2025-01-01 07:21:53,9.8
exp062,system_05,rear,a02,2,prod_002_car_sa,car_sa,ws-02_S1toS8,comp_002_RT_1/2,RT,1.0,2025-01-01 07:16:56,2025-01-01 07:26:45,9.8
exp062,system_05,rear,a02,3,prod_003_car_sa,car_sa,ws-03_S1toS8,comp_003_RT_1/2,RT,1.0,2025-01-01 07:21:48,2025-01-01 07:31:37,9.8
exp062,system_05,rear,a02,1,prod_001_car_sa,car_sa,ws-01_S1toS8,comp_001_RT_2/2,RT,1.0,2025-01-01 07:22:53,2025-01-01 07:32:43,9.8
exp062,system_05,rear,a02,4,prod_004_car_rd,car_rd,ws-04_S1toS8,comp_004_BOSP_1/2,BOSP,1.0,2025-01-01 07:26:40,2025-01-01 07:35:29,8.8
exp062,system_05,rear,a02,2,prod_002_car_sa,car_sa,ws-02_S1toS8,comp_002_RT_2/2,RT,1.0,2025-01-01 07:27:45,2025-01-01 07:37:35,9.8
exp062,system_05,rear,a02,3,prod_003_car_sa,car_sa,ws-03_S1toS8,comp_003_RT_2/2,RT,1.0,2025-01-01 07:32:37,2025-01-01 07:42:27,9.8
exp062,system_05,rear,a02,5,prod_005_car_sa,car_sa,ws-05_S1toS8,comp_005_RT_1/2,RT,1.0,2025-01-01 07:33:04,2025-01-01 07:42:53,9.8
exp062,system_05,rear,a02,1,prod_001_car_sa,car_sa,ws-01_S1toS8,comp_001_FT_1/2,FT,1.0,2025-01-01 07:33:43,2025-01-01 07:39:43,6.0
exp062,system_05,rear,a02,4,prod_004_car_rd,car_rd,ws-04_S1toS8,comp_004_BOSP_2/2,BOSP,1.0,2025-01-01 07:36:29,2025-01-01 07:45:19,8.8
exp062,system_05,rear,a02,2,prod_002_car_sa,car_sa,ws-02_S1toS8,comp_002_FT_1/2,FT,1.0,2025-01-01 07:38:35,2025-01-01 07:44:35,6.0
exp062,system_05,rear,a02,1,prod_001_car_sa,car_sa,ws-01_S1toS8,comp_001_FT_2/2,FT,1.0,2025-01-01 07:40:43,2025-01-01 07:46:43,6.0
exp062,system_05,rear,a02,3,prod_003_car_sa,car_sa,ws-03_S1toS8,comp_003_FT_1/2,FT,1.0,2025-01-01 07:43:27,2025-01-01 07:49:27,6.0
exp062,system_05,rear,a02,5,prod_005_car_sa,car_sa,ws-05_S1toS8,comp_005_RT_2/2,RT,1.0,2025-01-01 07:43:53,2025-01-01 07:53:43,9.8
exp062,system_05,rear,a02,2,prod_002_car_sa,car_sa,ws-02_S1toS8,comp_002_FT_2/2,FT,1.0,2025-01-01 07:45:35,2025-01-01 07:51:35,6.0
exp062,system_05,rear,a02,4,prod_004_car_rd,car_rd,ws-04_S1toS8,comp_004_RT_1/2,RT,1.0,2025-01-01 07:46:19,2025-01-01 07:56:09,9.8
exp062,system_05,rear,a02,1,prod_001_car_sa,car_sa,ws-01_S1toS8,comp_001_SSA_1/2,SSA,1.0,2025-01-01 07:47:43,2025-01-01 08:09:33,21.8
exp062,system_05,rear,a02,3,prod_003_car_sa,car_sa,ws-03_S1toS8,comp_003_FT_2/2,FT,1.0,2025-01-01 07:50:27,2025-01-01 07:56:27,6.0
exp062,system_05,rear,a02,2,prod_002_car_sa,car_sa,ws-02_S1toS8,comp_002_SSA_1/2,SSA,1.0,2025-01-01 07:52:35,2025-01-01 08:14:25,21.8
exp062,system_05,rear,a02,5,prod_005_car_sa,car_sa,ws-05_S1toS8,comp_005_FT_1/2,FT,1.0,2025-01-01 07:54:43,2025-01-01 08:00:43,6.0
exp062,system_05,rear,a02,4,prod_004_car_rd,car_rd,ws-04_S1toS8,comp_004_RT_2/2,RT,1.0,2025-01-01 07:57:09,2025-01-01 08:06:59,9.8
exp062,system_05,rear,a02,3,prod_003_car_sa,car_sa,ws-03_S1toS8,comp_003_SSA_1/2,SSA,1.0,2025-01-01 07:57:27,2025-01-01 08:19:17,21.8
exp062,system_05,rear,a02,5,prod_005_car_sa,car_sa,ws-05_S1toS8,comp_005_FT_2/2,FT,1.0,2025-01-01 08:01:43,2025-01-01 08:07:43,6.0
exp062,system_05,rear,a02,4,prod_004_car_rd,car_rd,ws-04_S1toS8,comp_004_CORE,CORE,1.0,2025-01-01 08:07:59,2025-01-01 08:28:49,20.8
exp062,system_05,rear,a02,5,prod_005_car_sa,car_sa,ws-05_S1toS8,comp_005_SSA_1/2,SSA,1.0,2025-01-01 08:08:43,2025-01-01 08:30:33,21.8
exp062,system_05,rear,a02,1,prod_001_car_sa,car_sa,ws-01_S1toS8,comp_001_SSA_2/2,SSA,1.0,2025-01-01 08:10:33,2025-01-01 08:32:23,21.8
exp062,system_05,rear,a02,2,prod_002_car_sa,car_sa,ws-02_S1toS8,comp_002_SSA_2/2,SSA,1.0,2025-01-01 08:15:25,2025-01-01 08:37:15,21.8
exp062,system_05,rear,a02,3,prod_003_car_sa,car_sa,ws-03_S1toS8,comp_003_SSA_2/2,SSA,1.0,2025-01-01 08:20:17,2025-01-01 08:42:07,21.8
exp062,system_05,rear,a02,4,prod_004_car_rd,car_rd,ws-04_S1toS8,comp_004_BSA_1/2,BSA,1.0,2025-01-01 08:29:49,2025-01-01 08:46:19,16.5
exp062,system_05,rear,a02,5,prod_005_car_sa,car_sa,ws-05_S1toS8,comp_005_SSA_2/2,SSA,1.0,2025-01-01 08:31:33,2025-01-01 08:53:23,21.8
exp062,system_05,rear,a02,1,prod_001_car_sa,car_sa,ws-01_S1toS8,comp_001_BSA_1/2,BSA,1.0,2025-01-01 08:33:23,2025-01-01 08:49:53,16.5
exp062,system_05,rear,a02,2,prod_002_car_sa,car_sa,ws-02_S1toS8,comp_002_BSA_1/2,BSA,1.0,2025-01-01 08:38:15,2025-01-01 08:54:45,16.5
exp062,system_05,rear,a02,3,prod_003_car_sa,car_sa,ws-03_S1toS8,comp_003_BSA_1/2,BSA,1.0,2025-01-01 08:43:07,2025-01-01 08:59:37,16.5
exp062,system_05,rear,a02,4,prod_004_car_rd,car_rd,ws-04_S1toS8,comp_004_BSA_2/2,BSA,1.0,2025-01-01 08:47:19,2025-01-01 09:03:49,16.5
exp062,system_05,rear,a02,1,prod_001_car_sa,car_sa,ws-01_S1toS8,comp_001_BSA_2/2,BSA,1.0,2025-01-01 08:50:53,2025-01-01 09:07:23,16.5
exp062,system_05,rear,a02,5,prod_005_car_sa,car_sa,ws-05_S1toS8,comp_005_BSA_1/2,BSA,1.0,2025-01-01 08:54:23,2025-01-01 09:10:53,16.5
exp062,system_05,rear,a02,2,prod_002_car_sa,car_sa,ws-02_S1toS8,comp_002_BSA_2/2,BSA,1.0,2025-01-01 08:55:45,2025-01-01 09:12:15,16.5
exp062,system_05,rear,a02,3,prod_003_car_sa,car_sa,ws-03_S1toS8,comp_003_BSA_2/2,BSA,1.0,2025-01-01 09:00:37,2025-01-01 09:17:07,16.5
exp062,system_05,rear,a02,4,prod_004_car_rd,car_rd,ws-04_S1toS8,comp_004_RAX_RD,RAX_RD,1.0,2025-01-01 09:04:49,2025-01-01 09:04:55,0.1
exp062,system_05,rear,a02,1,prod_001_car_sa,car_sa,ws-01_S1toS8,comp_001_CSEB-NABS,CSEB-NABS,1.0,2025-01-01 09:08:23,2025-01-01 09:08:29,0.1
exp062,system_05,rear,a02,5,prod_005_car_sa,car_sa,ws-05_S1toS8,comp_005_BSA_2/2,BSA,1.0,2025-01-01 09:11:53,2025-01-01 09:28:23,16.5
exp062,system_05,rear,a02,6,prod_006_car_rd,car_rd,ws-01_S1toS8,comp_006_BOSP_1/2,BOSP,1.0,2025-01-01 09:12:29,2025-01-01 09:21:19,8.8
exp062,system_05,rear,a02,2,prod_002_car_sa,car_sa,ws-02_S1toS8,comp_002_CSEB-NABS,CSEB-NABS,1.0,2025-01-01 09:13:15,2025-01-01 09:13:21,0.1
exp062,system_05,rear,a02,7,prod_007_car_rd,car_rd,ws-02_S1toS8,comp_007_BOSP_1/2,BOSP,1.0,2025-01-01 09:17:21,2025-01-01 09:26:11,8.8
exp062,system_05,rear,a02,3,prod_003_car_sa,car_sa,ws-03_S1toS8,comp_003_CSEB-NABS,CSEB-NABS,1.0,2025-01-01 09:18:07,2025-01-01 09:18:13,0.1
exp062,system_05,rear,a02,8,prod_008_car_sa,car_sa,ws-03_S1toS8,comp_008_RT_1/2,RT,1.0,2025-01-01 09:22:13,2025-01-01 09:32:03,9.8
exp062,system_05,rear,a02,6,prod_006_car_rd,car_rd,ws-01_S1toS8,comp_006_BOSP_2/2,BOSP,1.0,2025-01-01 09:22:19,2025-01-01 09:31:08,8.8
exp062,system_05,rear,a02,7,prod_007_car_rd,car_rd,ws-02_S1toS8,comp_007_BOSP_2/2,BOSP,1.0,2025-01-01 09:27:11,2025-01-01 09:36:00,8.8
exp062,system_05,rear,a02,5,prod_005_car_sa,car_sa,ws-05_S1toS8,comp_005_CSEB-NABS,CSEB-NABS,1.0,2025-01-01 09:29:23,2025-01-01 09:29:29,0.1
exp062,system_05,rear,a02,6,prod_006_car_rd,car_rd,ws-01_S1toS8,comp_006_RT_1/2,RT,1.0,2025-01-01 09:32:08,2025-01-01 09:41:58,9.8
exp062,system_05,rear,a02,8,prod_008_car_sa,car_sa,ws-03_S1toS8,comp_008_RT_2/2,RT,1.0,2025-01-01 09:33:03,2025-01-01 09:42:52,9.8
exp062,system_05,rear,a02,7,prod_007_car_rd,car_rd,ws-02_S1toS8,comp_007_RT_1/2,RT,1.0,2025-01-01 09:37:00,2025-01-01 09:46:50,9.8
exp062,system_05,rear,a02,6,prod_006_car_rd,car_rd,ws-01_S1toS8,comp_006_RT_2/2,RT,1.0,2025-01-01 09:42:58,2025-01-01 09:52:48,9.8
exp062,system_05,rear,a02,8,prod_008_car_sa,car_sa,ws-03_S1toS8,comp_008_FT_1/2,FT,1.0,2025-01-01 09:43:52,2025-01-01 09:49:52,6.0
exp062,system_05,rear,a02,7,prod_007_car_rd,car_rd,ws-02_S1toS8,comp_007_RT_2/2,RT,1.0,2025-01-01 09:47:50,2025-01-01 09:57:40,9.8
exp062,system_05,rear,a02,8,prod_008_car_sa,car_sa,ws-03_S1toS8,comp_008_FT_2/2,FT,1.0,2025-01-01 09:50:52,2025-01-01 09:56:52,6.0
exp062,system_05,rear,a02,6,prod_006_car_rd,car_rd,ws-01_S1toS8,comp_006_CORE,CORE,1.0,2025-01-01 09:53:48,2025-01-01 10:14:38,20.8
exp062,system_05,rear,a02,8,prod_008_car_sa,car_sa,ws-03_S1toS8,comp_008_SSA_1/2,SSA,1.0,2025-01-01 09:57:52,2025-01-01 10:19:42,21.8
exp062,system_05,rear,a02,7,prod_007_car_rd,car_rd,ws-02_S1toS8,comp_007_CORE,CORE,1.0,2025-01-01 09:58:40,2025-01-01 10:19:30,20.8
exp062,system_05,rear,a02,6,prod_006_car_rd,car_rd,ws-01_S1toS8,comp_006_BSA_1/2,BSA,1.0,2025-01-01 10:15:38,2025-01-01 10:32:08,16.5
exp062,system_05,rear,a02,7,prod_007_car_rd,car_rd,ws-02_S1toS8,comp_007_BSA_1/2,BSA,1.0,2025-01-01 10:20:30,2025-01-01 10:37:00,16.5
exp062,system_05,rear,a02,8,prod_008_car_sa,car_sa,ws-03_S1toS8,comp_008_SSA_2/2,SSA,1.0,2025-01-01 10:20:42,2025-01-01 10:42:32,21.8
exp062,system_05,rear,a02,6,prod_006_car_rd,car_rd,ws-01_S1toS8,comp_006_BSA_2/2,BSA,1.0,2025-01-01 10:33:08,2025-01-01 10:49:38,16.5
exp062,system_05,rear,a02,7,prod_007_car_rd,car_rd,ws-02_S1toS8,comp_007_BSA_2/2,BSA,1.0,2025-01-01 10:38:00,2025-01-01 10:54:30,16.5
exp062,system_05,rear,a02,8,prod_008_car_sa,car_sa,ws-03_S1toS8,comp_008_BSA_1/2,BSA,1.0,2025-01-01 10:43:32,2025-01-01 11:00:02,16.5
exp062,system_05,rear,a02,6,prod_006_car_rd,car_rd,ws-01_S1toS8,comp_006_RAX_RD,RAX_RD,1.0,2025-01-01 10:50:38,2025-01-01 10:50:44,0.1
exp062,system_05,rear,a02,7,prod_007_car_rd,car_rd,ws-02_S1toS8,comp_007_RAX_RD,RAX_RD,1.0,2025-01-01 10:55:30,2025-01-01 10:55:36,0.1
exp062,system_05,rear,a02,8,prod_008_car_sa,car_sa,ws-03_S1toS8,comp_008_BSA_2/2,BSA,1.0,2025-01-01 11:01:02,2025-01-01 11:17:32,16.5
exp062,system_05,rear,a02,8,prod_008_car_sa,car_sa,ws-03_S1toS8,comp_008_CSEB-NABS,CSEB-NABS,1.0,2025-01-01 11:18:32,2025-01-01 11:18:38,0.1
exp062,system_05,rear,a02,9,prod_009_car_rd,car_rd,ws-01_S1toS8,comp_009_BOSP_1/2,BOSP,1.0,2025-01-02 07:13:48,2025-01-02 07:22:37,8.8
exp062,system_05,rear,a02,10,prod_010_car_rd,car_rd,ws-02_S1toS8,comp_010_BOSP_1/2,BOSP,1.0,2025-01-02 07:18:40,2025-01-02 07:27:29,8.8
exp062,system_05,rear,a02,11,prod_011_car_sa,car_sa,ws-03_S1toS8,comp_011_RT_1/2,RT,1.0,2025-01-02 07:23:32,2025-01-02 07:33:21,9.8
exp062,system_05,rear,a02,9,prod_009_car_rd,car_rd,ws-01_S1toS8,comp_009_BOSP_2/2,BOSP,1.0,2025-01-02 07:23:37,2025-01-02 07:32:27,8.8
exp062,system_05,rear,a02,12,prod_012_car_rd,car_rd,ws-04_S1toS8,comp_012_BOSP_1/2,BOSP,1.0,2025-01-02 07:28:24,2025-01-02 07:37:13,8.8
exp062,system_05,rear,a02,10,prod_010_car_rd,car_rd,ws-02_S1toS8,comp_010_BOSP_2/2,BOSP,1.0,2025-01-02 07:28:29,2025-01-02 07:37:19,8.8
exp062,system_05,rear,a02,9,prod_009_car_rd,car_rd,ws-01_S1toS8,comp_009_RT_1/2,RT,1.0,2025-01-02 07:33:27,2025-01-02 07:43:17,9.8
exp062,system_05,rear,a02,11,prod_011_car_sa,car_sa,ws-03_S1toS8,comp_011_RT_2/2,RT,1.0,2025-01-02 07:34:21,2025-01-02 07:44:11,9.8
exp062,system_05,rear,a02,13,prod_013_car_rd,car_rd,ws-05_S1toS8,comp_013_BOSP_1/2,BOSP,1.0,2025-01-02 07:34:48,2025-01-02 07:43:37,8.8
exp062,system_05,rear,a02,12,prod_012_car_rd,car_rd,ws-04_S1toS8,comp_012_BOSP_2/2,BOSP,1.0,2025-01-02 07:38:13,2025-01-02 07:47:03,8.8
exp062,system_05,rear,a02,10,prod_010_car_rd,car_rd,ws-02_S1toS8,comp_010_RT_1/2,RT,1.0,2025-01-02 07:38:19,2025-01-02 07:48:09,9.8
exp062,system_05,rear,a02,9,prod_009_car_rd,car_rd,ws-01_S1toS8,comp_009_RT_2/2,RT,1.0,2025-01-02 07:44:17,2025-01-02 07:54:07,9.8
exp062,system_05,rear,a02,13,prod_013_car_rd,car_rd,ws-05_S1toS8,comp_013_BOSP_2/2,BOSP,1.0,2025-01-02 07:44:37,2025-01-02 07:53:27,8.8
exp062,system_05,rear,a02,11,prod_011_car_sa,car_sa,ws-03_S1toS8,comp_011_FT_1/2,FT,1.0,2025-01-02 07:45:11,2025-01-02 07:51:11,6.0
exp062,system_05,rear,a02,12,prod_012_car_rd,car_rd,ws-04_S1toS8,comp_012_RT_1/2,RT,1.0,2025-01-02 07:48:03,2025-01-02 07:57:53,9.8
exp062,system_05,rear,a02,10,prod_010_car_rd,car_rd,ws-02_S1toS8,comp_010_RT_2/2,RT,1.0,2025-01-02 07:49:09,2025-01-02 07:58:59,9.8
exp062,system_05,rear,a02,11,prod_011_car_sa,car_sa,ws-03_S1toS8,comp_011_FT_2/2,FT,1.0,2025-01-02 07:52:11,2025-01-02 07:58:11,6.0
exp062,system_05,rear,a02,13,prod_013_car_rd,car_rd,ws-05_S1toS8,comp_013_RT_1/2,RT,1.0,2025-01-02 07:54:27,2025-01-02 08:04:17,9.8
exp062,system_05,rear,a02,9,prod_009_car_rd,car_rd,ws-01_S1toS8,comp_009_CORE,CORE,1.0,2025-01-02 07:55:07,2025-01-02 08:15:57,20.8
exp062,system_05,rear,a02,12,prod_012_car_rd,car_rd,ws-04_S1toS8,comp_012_RT_2/2,RT,1.0,2025-01-02 07:58:53,2025-01-02 08:08:43,9.8
exp062,system_05,rear,a02,11,prod_011_car_sa,car_sa,ws-03_S1toS8,comp_011_SSA_1/2,SSA,1.0,2025-01-02 07:59:11,2025-01-02 08:21:01,21.8
exp062,system_05,rear,a02,10,prod_010_car_rd,car_rd,ws-02_S1toS8,comp_010_CORE,CORE,1.0,2025-01-02 07:59:59,2025-01-02 08:20:49,20.8
exp062,system_05,rear,a02,13,prod_013_car_rd,car_rd,ws-05_S1toS8,comp_013_RT_2/2,RT,1.0,2025-01-02 08:05:17,2025-01-02 08:15:07,9.8
exp062,system_05,rear,a02,12,prod_012_car_rd,car_rd,ws-04_S1toS8,comp_012_CORE,CORE,1.0,2025-01-02 08:09:43,2025-01-02 08:30:33,20.8
exp062,system_05,rear,a02,13,prod_013_car_rd,car_rd,ws-05_S1toS8,comp_013_CORE,CORE,1.0,2025-01-02 08:16:07,2025-01-02 08:36:57,20.8
exp062,system_05,rear,a02,9,prod_009_car_rd,car_rd,ws-01_S1toS8,comp_009_BSA_1/2,BSA,1.0,2025-01-02 08:16:57,2025-01-02 08:33:27,16.5
exp062,system_05,rear,a02,10,prod_010_car_rd,car_rd,ws-02_S1toS8,comp_010_BSA_1/2,BSA,1.0,2025-01-02 08:21:49,2025-01-02 08:38:19,16.5
exp062,system_05,rear,a02,11,prod_011_car_sa,car_sa,ws-03_S1toS8,comp_011_SSA_2/2,SSA,1.0,2025-01-02 08:22:01,2025-01-02 08:43:51,21.8
exp062,system_05,rear,a02,12,prod_012_car_rd,car_rd,ws-04_S1toS8,comp_012_BSA_1/2,BSA,1.0,2025-01-02 08:31:33,2025-01-02 08:48:03,16.5
exp062,system_05,rear,a02,9,prod_009_car_rd,car_rd,ws-01_S1toS8,comp_009_BSA_2/2,BSA,1.0,2025-01-02 08:34:27,2025-01-02 08:50:57,16.5
exp062,system_05,rear,a02,13,prod_013_car_rd,car_rd,ws-05_S1toS8,comp_013_BSA_1/2,BSA,1.0,2025-01-02 08:37:57,2025-01-02 08:54:27,16.5
exp062,system_05,rear,a02,10,prod_010_car_rd,car_rd,ws-02_S1toS8,comp_010_BSA_2/2,BSA,1.0,2025-01-02 08:39:19,2025-01-02 08:55:49,16.5
exp062,system_05,rear,a02,11,prod_011_car_sa,car_sa,ws-03_S1toS8,comp_011_BSA_1/2,BSA,1.0,2025-01-02 08:44:51,2025-01-02 09:01:21,16.5
exp062,system_05,rear,a02,12,prod_012_car_rd,car_rd,ws-04_S1toS8,comp_012_BSA_2/2,BSA,1.0,2025-01-02 08:49:03,2025-01-02 09:05:33,16.5
exp062,system_05,rear,a02,9,prod_009_car_rd,car_rd,ws-01_S1toS8,comp_009_RAX_RD,RAX_RD,1.0,2025-01-02 08:51:57,2025-01-02 08:52:03,0.1
exp062,system_05,rear,a02,13,prod_013_car_rd,car_rd,ws-05_S1toS8,comp_013_BSA_2/2,BSA,1.0,2025-01-02 08:55:27,2025-01-02 09:11:57,16.5
exp062,system_05,rear,a02,14,prod_014_car_sa,car_sa,ws-01_S1toS8,comp_014_RT_1/2,RT,1.0,2025-01-02 08:56:03,2025-01-02 09:05:52,9.8
exp062,system_05,rear,a02,10,prod_010_car_rd,car_rd,ws-02_S1toS8,comp_010_RAX_RD,RAX_RD,1.0,2025-01-02 08:56:49,2025-01-02 08:56:55,0.1
exp062,system_05,rear,a02,15,prod_015_car_sa,car_sa,ws-02_S1toS8,comp_015_RT_1/2,RT,1.0,2025-01-02 09:00:55,2025-01-02 09:10:44,9.8
exp062,system_05,rear,a02,11,prod_011_car_sa,car_sa,ws-03_S1toS8,comp_011_BSA_2/2,BSA,1.0,2025-01-02 09:02:21,2025-01-02 09:18:51,16.5
exp062,system_05,rear,a02,12,prod_012_car_rd,car_rd,ws-04_S1toS8,comp_012_RAX_RD,RAX_RD,1.0,2025-01-02 09:06:33,2025-01-02 09:06:39,0.1
exp062,system_05,rear,a02,14,prod_014_car_sa,car_sa,ws-01_S1toS8,comp_014_RT_2/2,RT,1.0,2025-01-02 09:06:52,2025-01-02 09:16:42,9.8
exp062,system_05,rear,a02,15,prod_015_car_sa,car_sa,ws-02_S1toS8,comp_015_RT_2/2,RT,1.0,2025-01-02 09:11:44,2025-01-02 09:21:34,9.8
exp062,system_05,rear,a02,13,prod_013_car_rd,car_rd,ws-05_S1toS8,comp_013_RAX_RD,RAX_RD,1.0,2025-01-02 09:12:57,2025-01-02 09:13:03,0.1
exp062,system_05,rear,a02,14,prod_014_car_sa,car_sa,ws-01_S1toS8,comp_014_FT_1/2,FT,1.0,2025-01-02 09:17:42,2025-01-02 09:23:42,6.0
exp062,system_05,rear,a02,11,prod_011_car_sa,car_sa,ws-03_S1toS8,comp_011_CSEB-NABS,CSEB-NABS,1.0,2025-01-02 09:19:51,2025-01-02 09:19:57,0.1
exp062,system_05,rear,a02,15,prod_015_car_sa,car_sa,ws-02_S1toS8,comp_015_FT_1/2,FT,1.0,2025-01-02 09:22:34,2025-01-02 09:28:34,6.0
exp062,system_05,rear,a02,16,prod_016_car_sa,car_sa,ws-03_S1toS8,comp_016_RT_1/2,RT,1.0,2025-01-02 09:23:57,2025-01-02 09:33:47,9.8
exp062,system_05,rear,a02,14,prod_014_car_sa,car_sa,ws-01_S1toS8,comp_014_FT_2/2,FT,1.0,2025-01-02 09:24:42,2025-01-02 09:30:42,6.0
exp062,system_05,rear,a02,15,prod_015_car_sa,car_sa,ws-02_S1toS8,comp_015_FT_2/2,FT,1.0,2025-01-02 09:29:34,2025-01-02 09:35:34,6.0
exp062,system_05,rear,a02,14,prod_014_car_sa,car_sa,ws-01_S1toS8,comp_014_SSA_1/2,SSA,1.0,2025-01-02 09:31:42,2025-01-02 09:53:32,21.8
exp062,system_05,rear,a02,16,prod_016_car_sa,car_sa,ws-03_S1toS8,comp_016_RT_2/2,RT,1.0,2025-01-02 09:34:47,2025-01-02 09:44:36,9.8
exp062,system_05,rear,a02,15,prod_015_car_sa,car_sa,ws-02_S1toS8,comp_015_SSA_1/2,SSA,1.0,2025-01-02 09:36:34,2025-01-02 09:58:24,21.8
exp062,system_05,rear,a02,16,prod_016_car_sa,car_sa,ws-03_S1toS8,comp_016_FT_1/2,FT,1.0,2025-01-02 09:45:36,2025-01-02 09:51:36,6.0
exp062,system_05,rear,a02,16,prod_016_car_sa,car_sa,ws-03_S1toS8,comp_016_FT_2/2,FT,1.0,2025-01-02 09:52:36,2025-01-02 09:58:36,6.0
exp062,system_05,rear,a02,14,prod_014_car_sa,car_sa,ws-01_S1toS8,comp_014_SSA_2/2,SSA,1.0,2025-01-02 09:54:32,2025-01-02 10:16:22,21.8
exp062,system_05,rear,a02,15,prod_015_car_sa,car_sa,ws-02_S1toS8,comp_015_SSA_2/2,SSA,1.0,2025-01-02 09:59:24,2025-01-02 10:21:14,21.8
exp062,system_05,rear,a02,16,prod_016_car_sa,car_sa,ws-03_S1toS8,comp_016_SSA_1/2,SSA,1.0,2025-01-02 09:59:36,2025-01-02 10:21:26,21.8
exp062,system_05,rear,a02,14,prod_014_car_sa,car_sa,ws-01_S1toS8,comp_014_BSA_1/2,BSA,1.0,2025-01-02 10:17:22,2025-01-02 10:33:52,16.5
exp062,system_05,rear,a02,15,prod_015_car_sa,car_sa,ws-02_S1toS8,comp_015_BSA_1/2,BSA,1.0,2025-01-02 10:22:14,2025-01-02 10:38:44,16.5
exp062,system_05,rear,a02,16,prod_016_car_sa,car_sa,ws-03_S1toS8,comp_016_SSA_2/2,SSA,1.0,2025-01-02 10:22:26,2025-01-02 10:44:16,21.8
exp062,system_05,rear,a02,14,prod_014_car_sa,car_sa,ws-01_S1toS8,comp_014_BSA_2/2,BSA,1.0,2025-01-02 10:34:52,2025-01-02 10:51:22,16.5
exp062,system_05,rear,a02,15,prod_015_car_sa,car_sa,ws-02_S1toS8,comp_015_BSA_2/2,BSA,1.0,2025-01-02 10:39:44,2025-01-02 10:56:14,16.5
exp062,system_05,rear,a02,16,prod_016_car_sa,car_sa,ws-03_S1toS8,comp_016_BSA_1/2,BSA,1.0,2025-01-02 10:45:16,2025-01-02 11:01:46,16.5
exp062,system_05,rear,a02,14,prod_014_car_sa,car_sa,ws-01_S1toS8,comp_014_CSEB-NABS,CSEB-NABS,1.0,2025-01-02 10:52:22,2025-01-02 10:52:28,0.1
exp062,system_05,rear,a02,15,prod_015_car_sa,car_sa,ws-02_S1toS8,comp_015_CSEB-NABS,CSEB-NABS,1.0,2025-01-02 10:57:14,2025-01-02 10:57:20,0.1
exp062,system_05,rear,a02,16,prod_016_car_sa,car_sa,ws-03_S1toS8,comp_016_BSA_2/2,BSA,1.0,2025-01-02 11:02:46,2025-01-02 11:19:16,16.5
exp062,system_05,rear,a02,16,prod_016_car_sa,car_sa,ws-03_S1toS8,comp_016_CSEB-NABS,CSEB-NABS,1.0,2025-01-02 11:20:16,2025-01-02 11:20:22,0.1
exp062,system_05,rear,a02,17,prod_017_car_rd,car_rd,ws-01_S1toS8,comp_017_BOSP_1/2,BOSP,1.0,2025-01-03 07:13:48,2025-01-03 07:22:37,8.8
exp062,system_05,rear,a02,18,prod_018_car_rd,car_rd,ws-02_S1toS8,comp_018_BOSP_1/2,BOSP,1.0,2025-01-03 07:18:40,2025-01-03 07:27:29,8.8
exp062,system_05,rear,a02,19,prod_019_car_sa,car_sa,ws-03_S1toS8,comp_019_RT_1/2,RT,1.0,2025-01-03 07:23:32,2025-01-03 07:33:21,9.8
exp062,system_05,rear,a02,17,prod_017_car_rd,car_rd,ws-01_S1toS8,comp_017_BOSP_2/2,BOSP,1.0,2025-01-03 07:23:37,2025-01-03 07:32:27,8.8
exp062,system_05,rear,a02,20,prod_020_car_sa,car_sa,ws-04_S1toS8,comp_020_RT_1/2,RT,1.0,2025-01-03 07:28:24,2025-01-03 07:38:13,9.8
exp062,system_05,rear,a02,18,prod_018_car_rd,car_rd,ws-02_S1toS8,comp_018_BOSP_2/2,BOSP,1.0,2025-01-03 07:28:29,2025-01-03 07:37:19,8.8
exp062,system_05,rear,a02,17,prod_017_car_rd,car_rd,ws-01_S1toS8,comp_017_RT_1/2,RT,1.0,2025-01-03 07:33:27,2025-01-03 07:43:17,9.8
exp062,system_05,rear,a02,19,prod_019_car_sa,car_sa,ws-03_S1toS8,comp_019_RT_2/2,RT,1.0,2025-01-03 07:34:21,2025-01-03 07:44:11,9.8
exp062,system_05,rear,a02,21,prod_021_car_sa,car_sa,ws-05_S1toS8,comp_021_RT_1/2,RT,1.0,2025-01-03 07:34:48,2025-01-03 07:44:37,9.8
exp062,system_05,rear,a02,18,prod_018_car_rd,car_rd,ws-02_S1toS8,comp_018_RT_1/2,RT,1.0,2025-01-03 07:38:19,2025-01-03 07:48:09,9.8
exp062,system_05,rear,a02,20,prod_020_car_sa,car_sa,ws-04_S1toS8,comp_020_RT_2/2,RT,1.0,2025-01-03 07:39:13,2025-01-03 07:49:03,9.8
exp062,system_05,rear,a02,17,prod_017_car_rd,car_rd,ws-01_S1toS8,comp_017_RT_2/2,RT,1.0,2025-01-03 07:44:17,2025-01-03 07:54:07,9.8
exp062,system_05,rear,a02,19,prod_019_car_sa,car_sa,ws-03_S1toS8,comp_019_FT_1/2,FT,1.0,2025-01-03 07:45:11,2025-01-03 07:51:11,6.0
exp062,system_05,rear,a02,21,prod_021_car_sa,car_sa,ws-05_S1toS8,comp_021_RT_2/2,RT,1.0,2025-01-03 07:45:37,2025-01-03 07:55:27,9.8
exp062,system_05,rear,a02,18,prod_018_car_rd,car_rd,ws-02_S1toS8,comp_018_RT_2/2,RT,1.0,2025-01-03 07:49:09,2025-01-03 07:58:59,9.8
exp062,system_05,rear,a02,20,prod_020_car_sa,car_sa,ws-04_S1toS8,comp_020_FT_1/2,FT,1.0,2025-01-03 07:50:03,2025-01-03 07:56:03,6.0
exp062,system_05,rear,a02,19,prod_019_car_sa,car_sa,ws-03_S1toS8,comp_019_FT_2/2,FT,1.0,2025-01-03 07:52:11,2025-01-03 07:58:11,6.0
exp062,system_05,rear,a02,17,prod_017_car_rd,car_rd,ws-01_S1toS8,comp_017_CORE,CORE,1.0,2025-01-03 07:55:07,2025-01-03 08:15:57,20.8
exp062,system_05,rear,a02,21,prod_021_car_sa,car_sa,ws-05_S1toS8,comp_021_FT_1/2,FT,1.0,2025-01-03 07:56:27,2025-01-03 08:02:27,6.0
exp062,system_05,rear,a02,20,prod_020_car_sa,car_sa,ws-04_S1toS8,comp_020_FT_2/2,FT,1.0,2025-01-03 07:57:03,2025-01-03 08:03:03,6.0
exp062,system_05,rear,a02,19,prod_019_car_sa,car_sa,ws-03_S1toS8,comp_019_SSA_1/2,SSA,1.0,2025-01-03 07:59:11,2025-01-03 08:21:01,21.8
exp062,system_05,rear,a02,18,prod_018_car_rd,car_rd,ws-02_S1toS8,comp_018_CORE,CORE,1.0,2025-01-03 07:59:59,2025-01-03 08:20:49,20.8
exp062,system_05,rear,a02,21,prod_021_car_sa,car_sa,ws-05_S1toS8,comp_021_FT_2/2,FT,1.0,2025-01-03 08:03:27,2025-01-03 08:09:27,6.0
exp062,system_05,rear,a02,20,prod_020_car_sa,car_sa,ws-04_S1toS8,comp_020_SSA_1/2,SSA,1.0,2025-01-03 08:04:03,2025-01-03 08:25:53,21.8
exp062,system_05,rear,a02,21,prod_021_car_sa,car_sa,ws-05_S1toS8,comp_021_SSA_1/2,SSA,1.0,2025-01-03 08:10:27,2025-01-03 08:32:17,21.8
exp062,system_05,rear,a02,17,prod_017_car_rd,car_rd,ws-01_S1toS8,comp_017_BSA_1/2,BSA,1.0,2025-01-03 08:16:57,2025-01-03 08:33:27,16.5
exp062,system_05,rear,a02,18,prod_018_car_rd,car_rd,ws-02_S1toS8,comp_018_BSA_1/2,BSA,1.0,2025-01-03 08:21:49,2025-01-03 08:38:19,16.5
exp062,system_05,rear,a02,19,prod_019_car_sa,car_sa,ws-03_S1toS8,comp_019_SSA_2/2,SSA,1.0,2025-01-03 08:22:01,2025-01-03 08:43:51,21.8
exp062,system_05,rear,a02,20,prod_020_car_sa,car_sa,ws-04_S1toS8,comp_020_SSA_2/2,SSA,1.0,2025-01-03 08:26:53,2025-01-03 08:48:43,21.8
exp062,system_05,rear,a02,21,prod_021_car_sa,car_sa,ws-05_S1toS8,comp_021_SSA_2/2,SSA,1.0,2025-01-03 08:33:17,2025-01-03 08:55:07,21.8
exp062,system_05,rear,a02,17,prod_017_car_rd,car_rd,ws-01_S1toS8,comp_017_BSA_2/2,BSA,1.0,2025-01-03 08:34:27,2025-01-03 08:50:57,16.5
exp062,system_05,rear,a02,18,prod_018_car_rd,car_rd,ws-02_S1toS8,comp_018_BSA_2/2,BSA,1.0,2025-01-03 08:39:19,2025-01-03 08:55:49,16.5
exp062,system_05,rear,a02,19,prod_019_car_sa,car_sa,ws-03_S1toS8,comp_019_BSA_1/2,BSA,1.0,2025-01-03 08:44:51,2025-01-03 09:01:21,16.5
exp062,system_05,rear,a02,20,prod_020_car_sa,car_sa,ws-04_S1toS8,comp_020_BSA_1/2,BSA,1.0,2025-01-03 08:49:43,2025-01-03 09:06:13,16.5
exp062,system_05,rear,a02,17,prod_017_car_rd,car_rd,ws-01_S1toS8,comp_017_RAX_RD,RAX_RD,1.0,2025-01-03 08:51:57,2025-01-03 08:52:03,0.1
exp062,system_05,rear,a02,22,prod_022_car_rd,car_rd,ws-01_S1toS8,comp_022_BOSP_1/2,BOSP,1.0,2025-01-03 08:56:03,2025-01-03 09:04:52,8.8
exp062,system_05,rear,a02,21,prod_021_car_sa,car_sa,ws-05_S1toS8,comp_021_BSA_1/2,BSA,1.0,2025-01-03 08:56:07,2025-01-03 09:12:37,16.5
exp062,system_05,rear,a02,18,prod_018_car_rd,car_rd,ws-02_S1toS8,comp_018_RAX_RD,RAX_RD,1.0,2025-01-03 08:56:49,2025-01-03 08:56:55,0.1
exp062,system_05,rear,a02,23,prod_023_car_sa,car_sa,ws-02_S1toS8,comp_023_RT_1/2,RT,1.0,2025-01-03 09:00:55,2025-01-03 09:10:44,9.8
exp062,system_05,rear,a02,19,prod_019_car_sa,car_sa,ws-03_S1toS8,comp_019_BSA_2/2,BSA,1.0,2025-01-03 09:02:21,2025-01-03 09:18:51,16.5
exp062,system_05,rear,a02,22,prod_022_car_rd,car_rd,ws-01_S1toS8,comp_022_BOSP_2/2,BOSP,1.0,2025-01-03 09:05:52,2025-01-03 09:14:42,8.8
exp062,system_05,rear,a02,20,prod_020_car_sa,car_sa,ws-04_S1toS8,comp_020_BSA_2/2,BSA,1.0,2025-01-03 09:07:13,2025-01-03 09:23:43,16.5
exp062,system_05,rear,a02,23,prod_023_car_sa,car_sa,ws-02_S1toS8,comp_023_RT_2/2,RT,1.0,2025-01-03 09:11:44,2025-01-03 09:21:34,9.8
exp062,system_05,rear,a02,21,prod_021_car_sa,car_sa,ws-05_S1toS8,comp_021_BSA_2/2,BSA,1.0,2025-01-03 09:13:37,2025-01-03 09:30:07,16.5
exp062,system_05,rear,a02,22,prod_022_car_rd,car_rd,ws-01_S1toS8,comp_022_RT_1/2,RT,1.0,2025-01-03 09:15:42,2025-01-03 09:25:32,9.8
exp062,system_05,rear,a02,19,prod_019_car_sa,car_sa,ws-03_S1toS8,comp_019_CSEB-NABS,CSEB-NABS,1.0,2025-01-03 09:19:51,2025-01-03 09:19:57,0.1
exp062,system_05,rear,a02,23,prod_023_car_sa,car_sa,ws-02_S1toS8,comp_023_FT_1/2,FT,1.0,2025-01-03 09:22:34,2025-01-03 09:28:34,6.0
exp062,system_05,rear,a02,24,prod_024_car_sa,car_sa,ws-03_S1toS8,comp_024_RT_1/2,RT,1.0,2025-01-03 09:23:57,2025-01-03 09:33:47,9.8
exp062,system_05,rear,a02,20,prod_020_car_sa,car_sa,ws-04_S1toS8,comp_020_CSEB-NABS,CSEB-NABS,1.0,2025-01-03 09:24:43,2025-01-03 09:24:49,0.1
exp062,system_05,rear,a02,22,prod_022_car_rd,car_rd,ws-01_S1toS8,comp_022_RT_2/2,RT,1.0,2025-01-03 09:26:32,2025-01-03 09:36:22,9.8
exp062,system_05,rear,a02,23,prod_023_car_sa,car_sa,ws-02_S1toS8,comp_023_FT_2/2,FT,1.0,2025-01-03 09:29:34,2025-01-03 09:35:34,6.0
exp062,system_05,rear,a02,21,prod_021_car_sa,car_sa,ws-05_S1toS8,comp_021_CSEB-NABS,CSEB-NABS,1.0,2025-01-03 09:31:07,2025-01-03 09:31:13,0.1
exp062,system_05,rear,a02,24,prod_024_car_sa,car_sa,ws-03_S1toS8,comp_024_RT_2/2,RT,1.0,2025-01-03 09:34:47,2025-01-03 09:44:36,9.8
exp062,system_05,rear,a02,23,prod_023_car_sa,car_sa,ws-02_S1toS8,comp_023_SSA_1/2,SSA,1.0,2025-01-03 09:36:34,2025-01-03 09:58:24,21.8
exp062,system_05,rear,a02,22,prod_022_car_rd,car_rd,ws-01_S1toS8,comp_022_CORE,CORE,1.0,2025-01-03 09:37:22,2025-01-03 09:58:12,20.8
exp062,system_05,rear,a02,24,prod_024_car_sa,car_sa,ws-03_S1toS8,comp_024_FT_1/2,FT,1.0,2025-01-03 09:45:36,2025-01-03 09:51:36,6.0
exp062,system_05,rear,a02,24,prod_024_car_sa,car_sa,ws-03_S1toS8,comp_024_FT_2/2,FT,1.0,2025-01-03 09:52:36,2025-01-03 09:58:36,6.0
exp062,system_05,rear,a02,22,prod_022_car_rd,car_rd,ws-01_S1toS8,comp_022_BSA_1/2,BSA,1.0,2025-01-03 09:59:12,2025-01-03 10:15:42,16.5
exp062,system_05,rear,a02,23,prod_023_car_sa,car_sa,ws-02_S1toS8,comp_023_SSA_2/2,SSA,1.0,2025-01-03 09:59:24,2025-01-03 10:21:14,21.8
exp062,system_05,rear,a02,24,prod_024_car_sa,car_sa,ws-03_S1toS8,comp_024_SSA_1/2,SSA,1.0,2025-01-03 09:59:36,2025-01-03 10:21:26,21.8
exp062,system_05,rear,a02,22,prod_022_car_rd,car_rd,ws-01_S1toS8,comp_022_BSA_2/2,BSA,1.0,2025-01-03 10:16:42,2025-01-03 10:33:12,16.5
exp062,system_05,rear,a02,23,prod_023_car_sa,car_sa,ws-02_S1toS8,comp_023_BSA_1/2,BSA,1.0,2025-01-03 10:22:14,2025-01-03 10:38:44,16.5
exp062,system_05,rear,a02,24,prod_024_car_sa,car_sa,ws-03_S1toS8,comp_024_SSA_2/2,SSA,1.0,2025-01-03 10:22:26,2025-01-03 10:44:16,21.8
exp062,system_05,rear,a02,22,prod_022_car_rd,car_rd,ws-01_S1toS8,comp_022_RAX_RD,RAX_RD,1.0,2025-01-03 10:34:12,2025-01-03 10:34:18,0.1
exp062,system_05,rear,a02,23,prod_023_car_sa,car_sa,ws-02_S1toS8,comp_023_BSA_2/2,BSA,1.0,2025-01-03 10:39:44,2025-01-03 10:56:14,16.5
exp062,system_05,rear,a02,24,prod_024_car_sa,car_sa,ws-03_S1toS8,comp_024_BSA_1/2,BSA,1.0,2025-01-03 10:45:16,2025-01-03 11:01:46,16.5
exp062,system_05,rear,a02,23,prod_023_car_sa,car_sa,ws-02_S1toS8,comp_023_CSEB-NABS,CSEB-NABS,1.0,2025-01-03 10:57:14,2025-01-03 10:57:20,0.1
exp062,system_05,rear,a02,24,prod_024_car_sa,car_sa,ws-03_S1toS8,comp_024_BSA_2/2,BSA,1.0,2025-01-03 11:02:46,2025-01-03 11:19:16,16.5
exp062,system_05,rear,a02,24,prod_024_car_sa,car_sa,ws-03_S1toS8,comp_024_CSEB-NABS,CSEB-NABS,1.0,2025-01-03 11:20:16,2025-01-03 11:20:22,0.1
exp062,system_05,rear,a02,25,prod_025_car_rd,car_rd,ws-01_S1toS8,comp_025_BOSP_1/2,BOSP,1.0,2025-01-04 07:13:48,2025-01-04 07:22:37,8.8
exp062,system_05,rear,a02,26,prod_026_car_rd,car_rd,ws-02_S1toS8,comp_026_BOSP_1/2,BOSP,1.0,2025-01-04 07:18:40,2025-01-04 07:27:29,8.8
exp062,system_05,rear,a02,27,prod_027_car_rd,car_rd,ws-03_S1toS8,comp_027_BOSP_1/2,BOSP,1.0,2025-01-04 07:23:32,2025-01-04 07:32:21,8.8
exp062,system_05,rear,a02,25,prod_025_car_rd,car_rd,ws-01_S1toS8,comp_025_BOSP_2/2,BOSP,1.0,2025-01-04 07:23:37,2025-01-04 07:32:27,8.8
exp062,system_05,rear,a02,28,prod_028_car_rd,car_rd,ws-04_S1toS8,comp_028_BOSP_1/2,BOSP,1.0,2025-01-04 07:28:24,2025-01-04 07:37:13,8.8
exp062,system_05,rear,a02,26,prod_026_car_rd,car_rd,ws-02_S1toS8,comp_026_BOSP_2/2,BOSP,1.0,2025-01-04 07:28:29,2025-01-04 07:37:19,8.8
exp062,system_05,rear,a02,27,prod_027_car_rd,car_rd,ws-03_S1toS8,comp_027_BOSP_2/2,BOSP,1.0,2025-01-04 07:33:21,2025-01-04 07:42:11,8.8
exp062,system_05,rear,a02,25,prod_025_car_rd,car_rd,ws-01_S1toS8,comp_025_RT_1/2,RT,1.0,2025-01-04 07:33:27,2025-01-04 07:43:17,9.8
exp062,system_05,rear,a02,29,prod_029_car_sa,car_sa,ws-05_S1toS8,comp_029_RT_1/2,RT,1.0,2025-01-04 07:34:48,2025-01-04 07:44:37,9.8
exp062,system_05,rear,a02,28,prod_028_car_rd,car_rd,ws-04_S1toS8,comp_028_BOSP_2/2,BOSP,1.0,2025-01-04 07:38:13,2025-01-04 07:47:03,8.8
exp062,system_05,rear,a02,26,prod_026_car_rd,car_rd,ws-02_S1toS8,comp_026_RT_1/2,RT,1.0,2025-01-04 07:38:19,2025-01-04 07:48:09,9.8
exp062,system_05,rear,a02,27,prod_027_car_rd,car_rd,ws-03_S1toS8,comp_027_RT_1/2,RT,1.0,2025-01-04 07:43:11,2025-01-04 07:53:01,9.8
exp062,system_05,rear,a02,25,prod_025_car_rd,car_rd,ws-01_S1toS8,comp_025_RT_2/2,RT,1.0,2025-01-04 07:44:17,2025-01-04 07:54:07,9.8
exp062,system_05,rear,a02,29,prod_029_car_sa,car_sa,ws-05_S1toS8,comp_029_RT_2/2,RT,1.0,2025-01-04 07:45:37,2025-01-04 07:55:27,9.8
exp062,system_05,rear,a02,28,prod_028_car_rd,car_rd,ws-04_S1toS8,comp_028_RT_1/2,RT,1.0,2025-01-04 07:48:03,2025-01-04 07:57:53,9.8
exp062,system_05,rear,a02,26,prod_026_car_rd,car_rd,ws-02_S1toS8,comp_026_RT_2/2,RT,1.0,2025-01-04 07:49:09,2025-01-04 07:58:59,9.8
exp062,system_05,rear,a02,27,prod_027_car_rd,car_rd,ws-03_S1toS8,comp_027_RT_2/2,RT,1.0,2025-01-04 07:54:01,2025-01-04 08:03:51,9.8
exp062,system_05,rear,a02,25,prod_025_car_rd,car_rd,ws-01_S1toS8,comp_025_CORE,CORE,1.0,2025-01-04 07:55:07,2025-01-04 08:15:57,20.8
exp062,system_05,rear,a02,29,prod_029_car_sa,car_sa,ws-05_S1toS8,comp_029_FT_1/2,FT,1.0,2025-01-04 07:56:27,2025-01-04 08:02:27,6.0
exp062,system_05,rear,a02,28,prod_028_car_rd,car_rd,ws-04_S1toS8,comp_028_RT_2/2,RT,1.0,2025-01-04 07:58:53,2025-01-04 08:08:43,9.8
exp062,system_05,rear,a02,26,prod_026_car_rd,car_rd,ws-02_S1toS8,comp_026_CORE,CORE,1.0,2025-01-04 07:59:59,2025-01-04 08:20:49,20.8
exp062,system_05,rear,a02,29,prod_029_car_sa,car_sa,ws-05_S1toS8,comp_029_FT_2/2,FT,1.0,2025-01-04 08:03:27,2025-01-04 08:09:27,6.0
exp062,system_05,rear,a02,27,prod_027_car_rd,car_rd,ws-03_S1toS8,comp_027_CORE,CORE,1.0,2025-01-04 08:04:51,2025-01-04 08:25:41,20.8
exp062,system_05,rear,a02,28,prod_028_car_rd,car_rd,ws-04_S1toS8,comp_028_CORE,CORE,1.0,2025-01-04 08:09:43,2025-01-04 08:30:33,20.8
exp062,system_05,rear,a02,29,prod_029_car_sa,car_sa,ws-05_S1toS8,comp_029_SSA_1/2,SSA,1.0,2025-01-04 08:10:27,2025-01-04 08:32:17,21.8
exp062,system_05,rear,a02,25,prod_025_car_rd,car_rd,ws-01_S1toS8,comp_025_BSA_1/2,BSA,1.0,2025-01-04 08:16:57,2025-01-04 08:33:27,16.5
exp062,system_05,rear,a02,26,prod_026_car_rd,car_rd,ws-02_S1toS8,comp_026_BSA_1/2,BSA,1.0,2025-01-04 08:21:49,2025-01-04 08:38:19,16.5
exp062,system_05,rear,a02,27,prod_027_car_rd,car_rd,ws-03_S1toS8,comp_027_BSA_1/2,BSA,1.0,2025-01-04 08:26:41,2025-01-04 08:43:11,16.5
exp062,system_05,rear,a02,28,prod_028_car_rd,car_rd,ws-04_S1toS8,comp_028_BSA_1/2,BSA,1.0,2025-01-04 08:31:33,2025-01-04 08:48:03,16.5
exp062,system_05,rear,a02,29,prod_029_car_sa,car_sa,ws-05_S1toS8,comp_029_SSA_2/2,SSA,1.0,2025-01-04 08:33:17,2025-01-04 08:55:07,21.8
exp062,system_05,rear,a02,25,prod_025_car_rd,car_rd,ws-01_S1toS8,comp_025_BSA_2/2,BSA,1.0,2025-01-04 08:34:27,2025-01-04 08:50:57,16.5
exp062,system_05,rear,a02,26,prod_026_car_rd,car_rd,ws-02_S1toS8,comp_026_BSA_2/2,BSA,1.0,2025-01-04 08:39:19,2025-01-04 08:55:49,16.5
exp062,system_05,rear,a02,27,prod_027_car_rd,car_rd,ws-03_S1toS8,comp_027_BSA_2/2,BSA,1.0,2025-01-04 08:44:11,2025-01-04 09:00:41,16.5
exp062,system_05,rear,a02,28,prod_028_car_rd,car_rd,ws-04_S1toS8,comp_028_BSA_2/2,BSA,1.0,2025-01-04 08:49:03,2025-01-04 09:05:33,16.5
exp062,system_05,rear,a02,25,prod_025_car_rd,car_rd,ws-01_S1toS8,comp_025_RAX_RD,RAX_RD,1.0,2025-01-04 08:51:57,2025-01-04 08:52:03,0.1
exp062,system_05,rear,a02,30,prod_030_car_rd,car_rd,ws-01_S1toS8,comp_030_BOSP_1/2,BOSP,1.0,2025-01-04 08:56:03,2025-01-04 09:04:52,8.8
exp062,system_05,rear,a02,29,prod_029_car_sa,car_sa,ws-05_S1toS8,comp_029_BSA_1/2,BSA,1.0,2025-01-04 08:56:07,2025-01-04 09:12:37,16.5
exp062,system_05,rear,a02,26,prod_026_car_rd,car_rd,ws-02_S1toS8,comp_026_RAX_RD,RAX_RD,1.0,2025-01-04 08:56:49,2025-01-04 08:56:55,0.1
exp062,system_05,rear,a02,31,prod_031_car_rd,car_rd,ws-02_S1toS8,comp_031_BOSP_1/2,BOSP,1.0,2025-01-04 09:00:55,2025-01-04 09:09:44,8.8
exp062,system_05,rear,a02,27,prod_027_car_rd,car_rd,ws-03_S1toS8,comp_027_RAX_RD,RAX_RD,1.0,2025-01-04 09:01:41,2025-01-04 09:01:47,0.1
exp062,system_05,rear,a02,32,prod_032_car_sa,car_sa,ws-03_S1toS8,comp_032_RT_1/2,RT,1.0,2025-01-04 09:05:47,2025-01-04 09:15:36,9.8
exp062,system_05,rear,a02,30,prod_030_car_rd,car_rd,ws-01_S1toS8,comp_030_BOSP_2/2,BOSP,1.0,2025-01-04 09:05:52,2025-01-04 09:14:42,8.8
exp062,system_05,rear,a02,28,prod_028_car_rd,car_rd,ws-04_S1toS8,comp_028_RAX_RD,RAX_RD,1.0,2025-01-04 09:06:33,2025-01-04 09:06:39,0.1
exp062,system_05,rear,a02,31,prod_031_car_rd,car_rd,ws-02_S1toS8,comp_031_BOSP_2/2,BOSP,1.0,2025-01-04 09:10:44,2025-01-04 09:19:34,8.8
exp062,system_05,rear,a02,29,prod_029_car_sa,car_sa,ws-05_S1toS8,comp_029_BSA_2/2,BSA,1.0,2025-01-04 09:13:37,2025-01-04 09:30:07,16.5
exp062,system_05,rear,a02,30,prod_030_car_rd,car_rd,ws-01_S1toS8,comp_030_RT_1/2,RT,1.0,2025-01-04 09:15:42,2025-01-04 09:25:32,9.8
exp062,system_05,rear,a02,32,prod_032_car_sa,car_sa,ws-03_S1toS8,comp_032_RT_2/2,RT,1.0,2025-01-04 09:16:36,2025-01-04 09:26:26,9.8
exp062,system_05,rear,a02,31,prod_031_car_rd,car_rd,ws-02_S1toS8,comp_031_RT_1/2,RT,1.0,2025-01-04 09:20:34,2025-01-04 09:30:24,9.8
exp062,system_05,rear,a02,30,prod_030_car_rd,car_rd,ws-01_S1toS8,comp_030_RT_2/2,RT,1.0,2025-01-04 09:26:32,2025-01-04 09:36:22,9.8
exp062,system_05,rear,a02,32,prod_032_car_sa,car_sa,ws-03_S1toS8,comp_032_FT_1/2,FT,1.0,2025-01-04 09:27:26,2025-01-04 09:33:26,6.0
exp062,system_05,rear,a02,29,prod_029_car_sa,car_sa,ws-05_S1toS8,comp_029_CSEB-NABS,CSEB-NABS,1.0,2025-01-04 09:31:07,2025-01-04 09:31:13,0.1
exp062,system_05,rear,a02,31,prod_031_car_rd,car_rd,ws-02_S1toS8,comp_031_RT_2/2,RT,1.0,2025-01-04 09:31:24,2025-01-04 09:41:14,9.8
exp062,system_05,rear,a02,32,prod_032_car_sa,car_sa,ws-03_S1toS8,comp_032_FT_2/2,FT,1.0,2025-01-04 09:34:26,2025-01-04 09:40:26,6.0
exp062,system_05,rear,a02,30,prod_030_car_rd,car_rd,ws-01_S1toS8,comp_030_CORE,CORE,1.0,2025-01-04 09:37:22,2025-01-04 09:58:12,20.8
exp062,system_05,rear,a02,32,prod_032_car_sa,car_sa,ws-03_S1toS8,comp_032_SSA_1/2,SSA,1.0,2025-01-04 09:41:26,2025-01-04 10:03:16,21.8
exp062,system_05,rear,a02,31,prod_031_car_rd,car_rd,ws-02_S1toS8,comp_031_CORE,CORE,1.0,2025-01-04 09:42:14,2025-01-04 10:03:04,20.8
exp062,system_05,rear,a02,30,prod_030_car_rd,car_rd,ws-01_S1toS8,comp_030_BSA_1/2,BSA,1.0,2025-01-04 09:59:12,2025-01-04 10:15:42,16.5
exp062,system_05,rear,a02,31,prod_031_car_rd,car_rd,ws-02_S1toS8,comp_031_BSA_1/2,BSA,1.0,2025-01-04 10:04:04,2025-01-04 10:20:34,16.5
exp062,system_05,rear,a02,32,prod_032_car_sa,car_sa,ws-03_S1toS8,comp_032_SSA_2/2,SSA,1.0,2025-01-04 10:04:16,2025-01-04 10:26:06,21.8
exp062,system_05,rear,a02,30,prod_030_car_rd,car_rd,ws-01_S1toS8,comp_030_BSA_2/2,BSA,1.0,2025-01-04 10:16:42,2025-01-04 10:33:12,16.5
exp062,system_05,rear,a02,31,prod_031_car_rd,car_rd,ws-02_S1toS8,comp_031_BSA_2/2,BSA,1.0,2025-01-04 10:21:34,2025-01-04 10:38:04,16.5
exp062,system_05,rear,a02,32,prod_032_car_sa,car_sa,ws-03_S1toS8,comp_032_BSA_1/2,BSA,1.0,2025-01-04 10:27:06,2025-01-04 10:43:36,16.5
exp062,system_05,rear,a02,30,prod_030_car_rd,car_rd,ws-01_S1toS8,comp_030_RAX_RD,RAX_RD,1.0,2025-01-04 10:34:12,2025-01-04 10:34:18,0.1
exp062,system_05,rear,a02,31,prod_031_car_rd,car_rd,ws-02_S1toS8,comp_031_RAX_RD,RAX_RD,1.0,2025-01-04 10:39:04,2025-01-04 10:39:10,0.1
exp062,system_05,rear,a02,32,prod_032_car_sa,car_sa,ws-03_S1toS8,comp_032_BSA_2/2,BSA,1.0,2025-01-04 10:44:36,2025-01-04 11:01:06,16.5
exp062,system_05,rear,a02,32,prod_032_car_sa,car_sa,ws-03_S1toS8,comp_032_CSEB-NABS,CSEB-NABS,1.0,2025-01-04 11:02:06,2025-01-04 11:02:12,0.1
exp062,system_05,rear,a02,33,prod_033_car_rd,car_rd,ws-01_S1toS8,comp_033_BOSP_1/2,BOSP,1.0,2025-01-05 07:13:48,2025-01-05 07:22:37,8.8
exp062,system_05,rear,a02,34,prod_034_car_rd,car_rd,ws-02_S1toS8,comp_034_BOSP_1/2,BOSP,1.0,2025-01-05 07:18:40,2025-01-05 07:27:29,8.8
exp062,system_05,rear,a02,35,prod_035_car_sa,car_sa,ws-03_S1toS8,comp_035_RT_1/2,RT,1.0,2025-01-05 07:23:32,2025-01-05 07:33:21,9.8
exp062,system_05,rear,a02,33,prod_033_car_rd,car_rd,ws-01_S1toS8,comp_033_BOSP_2/2,BOSP,1.0,2025-01-05 07:23:37,2025-01-05 07:32:27,8.8
exp062,system_05,rear,a02,36,prod_036_car_sa,car_sa,ws-04_S1toS8,comp_036_RT_1/2,RT,1.0,2025-01-05 07:28:24,2025-01-05 07:38:13,9.8
exp062,system_05,rear,a02,34,prod_034_car_rd,car_rd,ws-02_S1toS8,comp_034_BOSP_2/2,BOSP,1.0,2025-01-05 07:28:29,2025-01-05 07:37:19,8.8
exp062,system_05,rear,a02,33,prod_033_car_rd,car_rd,ws-01_S1toS8,comp_033_RT_1/2,RT,1.0,2025-01-05 07:33:27,2025-01-05 07:43:17,9.8
exp062,system_05,rear,a02,35,prod_035_car_sa,car_sa,ws-03_S1toS8,comp_035_RT_2/2,RT,1.0,2025-01-05 07:34:21,2025-01-05 07:44:11,9.8
exp062,system_05,rear,a02,37,prod_037_car_rd,car_rd,ws-05_S1toS8,comp_037_BOSP_1/2,BOSP,1.0,2025-01-05 07:34:48,2025-01-05 07:43:37,8.8
exp062,system_05,rear,a02,34,prod_034_car_rd,car_rd,ws-02_S1toS8,comp_034_RT_1/2,RT,1.0,2025-01-05 07:38:19,2025-01-05 07:48:09,9.8
exp062,system_05,rear,a02,36,prod_036_car_sa,car_sa,ws-04_S1toS8,comp_036_RT_2/2,RT,1.0,2025-01-05 07:39:13,2025-01-05 07:49:03,9.8
exp062,system_05,rear,a02,33,prod_033_car_rd,car_rd,ws-01_S1toS8,comp_033_RT_2/2,RT,1.0,2025-01-05 07:44:17,2025-01-05 07:54:07,9.8
exp062,system_05,rear,a02,37,prod_037_car_rd,car_rd,ws-05_S1toS8,comp_037_BOSP_2/2,BOSP,1.0,2025-01-05 07:44:37,2025-01-05 07:53:27,8.8
exp062,system_05,rear,a02,35,prod_035_car_sa,car_sa,ws-03_S1toS8,comp_035_FT_1/2,FT,1.0,2025-01-05 07:45:11,2025-01-05 07:51:11,6.0
exp062,system_05,rear,a02,34,prod_034_car_rd,car_rd,ws-02_S1toS8,comp_034_RT_2/2,RT,1.0,2025-01-05 07:49:09,2025-01-05 07:58:59,9.8
exp062,system_05,rear,a02,36,prod_036_car_sa,car_sa,ws-04_S1toS8,comp_036_FT_1/2,FT,1.0,2025-01-05 07:50:03,2025-01-05 07:56:03,6.0
exp062,system_05,rear,a02,35,prod_035_car_sa,car_sa,ws-03_S1toS8,comp_035_FT_2/2,FT,1.0,2025-01-05 07:52:11,2025-01-05 07:58:11,6.0
exp062,system_05,rear,a02,37,prod_037_car_rd,car_rd,ws-05_S1toS8,comp_037_RT_1/2,RT,1.0,2025-01-05 07:54:27,2025-01-05 08:04:17,9.8
exp062,system_05,rear,a02,33,prod_033_car_rd,car_rd,ws-01_S1toS8,comp_033_CORE,CORE,1.0,2025-01-05 07:55:07,2025-01-05 08:15:57,20.8
exp062,system_05,rear,a02,36,prod_036_car_sa,car_sa,ws-04_S1toS8,comp_036_FT_2/2,FT,1.0,2025-01-05 07:57:03,2025-01-05 08:03:03,6.0
exp062,system_05,rear,a02,35,prod_035_car_sa,car_sa,ws-03_S1toS8,comp_035_SSA_1/2,SSA,1.0,2025-01-05 07:59:11,2025-01-05 08:21:01,21.8
exp062,system_05,rear,a02,34,prod_034_car_rd,car_rd,ws-02_S1toS8,comp_034_CORE,CORE,1.0,2025-01-05 07:59:59,2025-01-05 08:20:49,20.8
exp062,system_05,rear,a02,36,prod_036_car_sa,car_sa,ws-04_S1toS8,comp_036_SSA_1/2,SSA,1.0,2025-01-05 08:04:03,2025-01-05 08:25:53,21.8
exp062,system_05,rear,a02,37,prod_037_car_rd,car_rd,ws-05_S1toS8,comp_037_RT_2/2,RT,1.0,2025-01-05 08:05:17,2025-01-05 08:15:07,9.8
exp062,system_05,rear,a02,37,prod_037_car_rd,car_rd,ws-05_S1toS8,comp_037_CORE,CORE,1.0,2025-01-05 08:16:07,2025-01-05 08:36:57,20.8
exp062,system_05,rear,a02,33,prod_033_car_rd,car_rd,ws-01_S1toS8,comp_033_BSA_1/2,BSA,1.0,2025-01-05 08:16:57,2025-01-05 08:33:27,16.5
exp062,system_05,rear,a02,34,prod_034_car_rd,car_rd,ws-02_S1toS8,comp_034_BSA_1/2,BSA,1.0,2025-01-05 08:21:49,2025-01-05 08:38:19,16.5
exp062,system_05,rear,a02,35,prod_035_car_sa,car_sa,ws-03_S1toS8,comp_035_SSA_2/2,SSA,1.0,2025-01-05 08:22:01,2025-01-05 08:43:51,21.8
exp062,system_05,rear,a02,36,prod_036_car_sa,car_sa,ws-04_S1toS8,comp_036_SSA_2/2,SSA,1.0,2025-01-05 08:26:53,2025-01-05 08:48:43,21.8
exp062,system_05,rear,a02,33,prod_033_car_rd,car_rd,ws-01_S1toS8,comp_033_BSA_2/2,BSA,1.0,2025-01-05 08:34:27,2025-01-05 08:50:57,16.5
exp062,system_05,rear,a02,37,prod_037_car_rd,car_rd,ws-05_S1toS8,comp_037_BSA_1/2,BSA,1.0,2025-01-05 08:37:57,2025-01-05 08:54:27,16.5
exp062,system_05,rear,a02,34,prod_034_car_rd,car_rd,ws-02_S1toS8,comp_034_BSA_2/2,BSA,1.0,2025-01-05 08:39:19,2025-01-05 08:55:49,16.5
exp062,system_05,rear,a02,35,prod_035_car_sa,car_sa,ws-03_S1toS8,comp_035_BSA_1/2,BSA,1.0,2025-01-05 08:44:51,2025-01-05 09:01:21,16.5
exp062,system_05,rear,a02,36,prod_036_car_sa,car_sa,ws-04_S1toS8,comp_036_BSA_1/2,BSA,1.0,2025-01-05 08:49:43,2025-01-05 09:06:13,16.5
exp062,system_05,rear,a02,33,prod_033_car_rd,car_rd,ws-01_S1toS8,comp_033_RAX_RD,RAX_RD,1.0,2025-01-05 08:51:57,2025-01-05 08:52:03,0.1
exp062,system_05,rear,a02,37,prod_037_car_rd,car_rd,ws-05_S1toS8,comp_037_BSA_2/2,BSA,1.0,2025-01-05 08:55:27,2025-01-05 09:11:57,16.5
exp062,system_05,rear,a02,38,prod_038_car_sa,car_sa,ws-01_S1toS8,comp_038_RT_1/2,RT,1.0,2025-01-05 08:56:03,2025-01-05 09:05:52,9.8
exp062,system_05,rear,a02,34,prod_034_car_rd,car_rd,ws-02_S1toS8,comp_034_RAX_RD,RAX_RD,1.0,2025-01-05 08:56:49,2025-01-05 08:56:55,0.1
exp062,system_05,rear,a02,39,prod_039_car_rd,car_rd,ws-02_S1toS8,comp_039_BOSP_1/2,BOSP,1.0,2025-01-05 09:00:55,2025-01-05 09:09:44,8.8
exp062,system_05,rear,a02,35,prod_035_car_sa,car_sa,ws-03_S1toS8,comp_035_BSA_2/2,BSA,1.0,2025-01-05 09:02:21,2025-01-05 09:18:51,16.5
exp062,system_05,rear,a02,38,prod_038_car_sa,car_sa,ws-01_S1toS8,comp_038_RT_2/2,RT,1.0,2025-01-05 09:06:52,2025-01-05 09:16:42,9.8
exp062,system_05,rear,a02,36,prod_036_car_sa,car_sa,ws-04_S1toS8,comp_036_BSA_2/2,BSA,1.0,2025-01-05 09:07:13,2025-01-05 09:23:43,16.5
exp062,system_05,rear,a02,39,prod_039_car_rd,car_rd,ws-02_S1toS8,comp_039_BOSP_2/2,BOSP,1.0,2025-01-05 09:10:44,2025-01-05 09:19:34,8.8
exp062,system_05,rear,a02,37,prod_037_car_rd,car_rd,ws-05_S1toS8,comp_037_RAX_RD,RAX_RD,1.0,2025-01-05 09:12:57,2025-01-05 09:13:03,0.1
exp062,system_05,rear,a02,38,prod_038_car_sa,car_sa,ws-01_S1toS8,comp_038_FT_1/2,FT,1.0,2025-01-05 09:17:42,2025-01-05 09:23:42,6.0
exp062,system_05,rear,a02,35,prod_035_car_sa,car_sa,ws-03_S1toS8,comp_035_CSEB-NABS,CSEB-NABS,1.0,2025-01-05 09:19:51,2025-01-05 09:19:57,0.1
exp062,system_05,rear,a02,39,prod_039_car_rd,car_rd,ws-02_S1toS8,comp_039_RT_1/2,RT,1.0,2025-01-05 09:20:34,2025-01-05 09:30:24,9.8
exp062,system_05,rear,a02,40,prod_040_car_sa,car_sa,ws-03_S1toS8,comp_040_RT_1/2,RT,1.0,2025-01-05 09:23:57,2025-01-05 09:33:47,9.8
exp062,system_05,rear,a02,38,prod_038_car_sa,car_sa,ws-01_S1toS8,comp_038_FT_2/2,FT,1.0,2025-01-05 09:24:42,2025-01-05 09:30:42,6.0
exp062,system_05,rear,a02,36,prod_036_car_sa,car_sa,ws-04_S1toS8,comp_036_CSEB-NABS,CSEB-NABS,1.0,2025-01-05 09:24:43,2025-01-05 09:24:49,0.1
exp062,system_05,rear,a02,39,prod_039_car_rd,car_rd,ws-02_S1toS8,comp_039_RT_2/2,RT,1.0,2025-01-05 09:31:24,2025-01-05 09:41:14,9.8
exp062,system_05,rear,a02,38,prod_038_car_sa,car_sa,ws-01_S1toS8,comp_038_SSA_1/2,SSA,1.0,2025-01-05 09:31:42,2025-01-05 09:53:32,21.8
exp062,system_05,rear,a02,40,prod_040_car_sa,car_sa,ws-03_S1toS8,comp_040_RT_2/2,RT,1.0,2025-01-05 09:34:47,2025-01-05 09:44:36,9.8
exp062,system_05,rear,a02,39,prod_039_car_rd,car_rd,ws-02_S1toS8,comp_039_CORE,CORE,1.0,2025-01-05 09:42:14,2025-01-05 10:03:04,20.8
exp062,system_05,rear,a02,40,prod_040_car_sa,car_sa,ws-03_S1toS8,comp_040_FT_1/2,FT,1.0,2025-01-05 09:45:36,2025-01-05 09:51:36,6.0
exp062,system_05,rear,a02,40,prod_040_car_sa,car_sa,ws-03_S1toS8,comp_040_FT_2/2,FT,1.0,2025-01-05 09:52:36,2025-01-05 09:58:36,6.0
exp062,system_05,rear,a02,38,prod_038_car_sa,car_sa,ws-01_S1toS8,comp_038_SSA_2/2,SSA,1.0,2025-01-05 09:54:32,2025-01-05 10:16:22,21.8
exp062,system_05,rear,a02,40,prod_040_car_sa,car_sa,ws-03_S1toS8,comp_040_SSA_1/2,SSA,1.0,2025-01-05 09:59:36,2025-01-05 10:21:26,21.8
exp062,system_05,rear,a02,39,prod_039_car_rd,car_rd,ws-02_S1toS8,comp_039_BSA_1/2,BSA,1.0,2025-01-05 10:04:04,2025-01-05 10:20:34,16.5
exp062,system_05,rear,a02,38,prod_038_car_sa,car_sa,ws-01_S1toS8,comp_038_BSA_1/2,BSA,1.0,2025-01-05 10:17:22,2025-01-05 10:33:52,16.5
exp062,system_05,rear,a02,39,prod_039_car_rd,car_rd,ws-02_S1toS8,comp_039_BSA_2/2,BSA,1.0,2025-01-05 10:21:34,2025-01-05 10:38:04,16.5
exp062,system_05,rear,a02,40,prod_040_car_sa,car_sa,ws-03_S1toS8,comp_040_SSA_2/2,SSA,1.0,2025-01-05 10:22:26,2025-01-05 10:44:16,21.8
exp062,system_05,rear,a02,38,prod_038_car_sa,car_sa,ws-01_S1toS8,comp_038_BSA_2/2,BSA,1.0,2025-01-05 10:34:52,2025-01-05 10:51:22,16.5
exp062,system_05,rear,a02,39,prod_039_car_rd,car_rd,ws-02_S1toS8,comp_039_RAX_RD,RAX_RD,1.0,2025-01-05 10:39:04,2025-01-05 10:39:10,0.1
exp062,system_05,rear,a02,40,prod_040_car_sa,car_sa,ws-03_S1toS8,comp_040_BSA_1/2,BSA,1.0,2025-01-05 10:45:16,2025-01-05 11:01:46,16.5
exp062,system_05,rear,a02,38,prod_038_car_sa,car_sa,ws-01_S1toS8,comp_038_CSEB-NABS,CSEB-NABS,1.0,2025-01-05 10:52:22,2025-01-05 10:52:28,0.1
exp062,system_05,rear,a02,40,prod_040_car_sa,car_sa,ws-03_S1toS8,comp_040_BSA_2/2,BSA,1.0,2025-01-05 11:02:46,2025-01-05 11:19:16,16.5
exp062,system_05,rear,a02,40,prod_040_car_sa,car_sa,ws-03_S1toS8,comp_040_CSEB-NABS,CSEB-NABS,1.0,2025-01-05 11:20:16,2025-01-05 11:20:22,0.1
